Series Name,Series Code,Country Name,Country Code,1990 [YR1990],2000 [YR2000],2014 [YR2014],2015 [YR2015],2016 [YR2016],2017 [YR2017],2018 [YR2018],2019 [YR2019],2020 [YR2020],2021 [YR2021],2022 [YR2022],2023 [YR2023]
"Out-of-pocket expenditure per capita, PPP (current international $)",SH.XPD.OOPC.PP.CD,United States,USA,..,685.395545090185,1058.30804163058,1089.0186523285,1118.35096227621,1130.6866455728,1164.6019319085,1205.28419713374,1167.7345626147,1285.33004727075,1335.44943973889,..
"Out-of-pocket expenditure per capita, PPP (current international $)",SH.XPD.OOPC.PP.CD,Afghanistan,AFG,..,..,147.764047185105,169.090389755466,181.722071863739,199.684629319953,228.507093020007,246.970339259762,241.274501276357,280.758937797717,..,..
"Out-of-pocket expenditure per capita, PPP (current international $)",SH.XPD.OOPC.PP.CD,Albania,ALB,..,115.451079334171,429.496567537827,431.878767602083,458.595282446714,479.413065787341,505.92140114953,553.899808373907,620.433354124045,675.654386515265,..,..
"Out-of-pocket expenditure per capita, PPP (current international $)",SH.XPD.OOPC.PP.CD,Algeria,DZA,..,76.591187984838,227.914728485279,237.635664327866,238.456719063261,241.269206533208,242.125144424068,252.128495330307,263.675161338328,259.021154967283,..,..
"Out-of-pocket expenditure per capita, PPP (current international $)",SH.XPD.OOPC.PP.CD,American Samoa,ASM,..,..,..,..,..,..,..,..,..,..,..,..
"Out-of-pocket expenditure per capita, PPP (current international $)",SH.XPD.OOPC.PP.CD,Andorra,AND,..,294.713236309789,450.601108224866,485.80744100908,449.408913858751,449.027896494254,499.074320774839,522.267127561023,516.466535884012,576.07866645372,..,..
"Out-of-pocket expenditure per capita, PPP (current international $)",SH.XPD.OOPC.PP.CD,Angola,AGO,..,17.0259746240768,53.1410214852844,63.5424441500884,67.1282973293565,68.7321454388276,66.1193117305458,57.2362411358768,55.4839581812463,46.4862637070053,..,..
"Out-of-pocket expenditure per capita, PPP (current international $)",SH.XPD.OOPC.PP.CD,Antigua and Barbuda,ATG,..,178.530558334976,293.905861846112,244.421454603291,293.061508349637,269.147154168343,259.415894901014,254.888573848636,250.750823093495,235.513696039969,..,..
"Out-of-pocket expenditure per capita, PPP (current international $)",SH.XPD.OOPC.PP.CD,Argentina,ARG,..,308.756595189503,512.936330472054,531.790216102312,539.578063353836,513.828236161825,603.513608915853,561.712248756673,475.903287592652,519.586103583686,..,..
"Out-of-pocket expenditure per capita, PPP (current international $)",SH.XPD.OOPC.PP.CD,Armenia,ARM,..,67,849,837,880,1093,1142,1440,1343,1513,..,..
"Out-of-pocket expenditure per capita, PPP (current international $)",SH.XPD.OOPC.PP.CD,Aruba,ABW,..,..,..,..,..,..,..,..,..,..,..,..
"Out-of-pocket expenditure per capita, PPP (current international $)",SH.XPD.OOPC.PP.CD,Australia,AUS,..,451.719616380654,835.73040644855,827.048617103679,857.368432241503,852.420819921859,866.064628900176,794.288038900903,888.075815176423,897.001364553941,..,..
"Out-of-pocket expenditure per capita, PPP (current international $)",SH.XPD.OOPC.PP.CD,Austria,AUT,..,483,971,994,1054,1080,1088,1124,1087,1147,..,..
"Out-of-pocket expenditure per capita, PPP (current international $)",SH.XPD.OOPC.PP.CD,Azerbaijan,AZE,..,67,414,439,435,404,401,440,481,484,..,..
"Out-of-pocket expenditure per capita, PPP (current international $)",SH.XPD.OOPC.PP.CD,"Bahamas, The",BHS,..,263.012077094621,498.316964382529,505.964572248138,513.734456705187,559.664954220023,588.536194933677,568.945479347603,468.031361022306,579.508782063686,..,..
"Out-of-pocket expenditure per capita, PPP (current international $)",SH.XPD.OOPC.PP.CD,Bahrain,BHR,..,361.580244532154,600.698683227906,591.501757074535,615.983503061526,706.400577846191,620.534392153901,615.769218858427,622.978737744455,539.891684311992,..,..
"Out-of-pocket expenditure per capita, PPP (current international $)",SH.XPD.OOPC.PP.CD,Bangladesh,BGD,..,17.568213693526,64.4640811095726,69.6340052859354,77.8733621077,80.1504542353398,85.8965132939366,92.6840756527053,99.0982519970082,112.089803095834,..,..
"Out-of-pocket expenditure per capita, PPP (current international $)",SH.XPD.OOPC.PP.CD,Barbados,BRB,..,273.385611919943,473.48762674794,482.920771774148,504.036189697166,490.567045772955,484.27644545072,479.025503117158,465.175607696364,478.115716665706,..,..
"Out-of-pocket expenditure per capita, PPP (current international $)",SH.XPD.OOPC.PP.CD,Belarus,BLR,..,49,348,388,274,279,266,295,313,305,..,..
"Out-of-pocket expenditure per capita, PPP (current international $)",SH.XPD.OOPC.PP.CD,Belgium,BEL,..,449.668674897881,933.550654283618,952.063808378902,970.513975500947,1004.31023497775,1058.11823459262,1196.67915563839,1064.32906109321,1164.07641927925,..,..
"Out-of-pocket expenditure per capita, PPP (current international $)",SH.XPD.OOPC.PP.CD,Belize,BLZ,..,85.3480663807162,103.38926584817,102.577606297588,100.267660354762,96.4863455186699,100.053243905538,104.485580995097,91.893226762517,109.098672143388,..,..
"Out-of-pocket expenditure per capita, PPP (current international $)",SH.XPD.OOPC.PP.CD,Benin,BEN,..,28.0219538746738,34.3564447962733,39.1639774796211,39.631412084055,39.7509682633852,40.9118949107494,42.0081251252159,42.672392392018,47.2658509357182,..,..
"Out-of-pocket expenditure per capita, PPP (current international $)",SH.XPD.OOPC.PP.CD,Bermuda,BMU,..,..,..,..,..,..,..,..,..,..,..,..
"Out-of-pocket expenditure per capita, PPP (current international $)",SH.XPD.OOPC.PP.CD,Bhutan,BTN,..,13.4584424939775,60.0549345513413,65.9437554628512,69.8059406588258,46.6423143891096,47.9598768909795,76.3473650353725,76.2234155502197,83.0550019346912,..,..
"Out-of-pocket expenditure per capita, PPP (current international $)",SH.XPD.OOPC.PP.CD,Bolivia,BOL,..,49.5457964035662,126.10806217907,125.163835981048,140.655995505471,134.194770354971,126.563554485581,146.888140227729,135.812604040907,164.125850862395,..,..
"Out-of-pocket expenditure per capita, PPP (current international $)",SH.XPD.OOPC.PP.CD,Bosnia and Herzegovina,BIH,..,139,305,315,337,349,380,422,444,520,..,..
"Out-of-pocket expenditure per capita, PPP (current international $)",SH.XPD.OOPC.PP.CD,Botswana,BWA,..,59.5878282349877,31.3413513247094,29.3036779485944,29.1468405558489,29.0861251143447,47.244574004824,43.3664634010177,43.3056258703273,47.1557663933329,..,..
"Out-of-pocket expenditure per capita, PPP (current international $)",SH.XPD.OOPC.PP.CD,Brazil,BRA,..,274.322344114123,370.650817720385,323.421986942402,318.138639558982,335.512772450882,351.716009103111,366.104226918696,349.442447700818,368.24163891568,..,..
"Out-of-pocket expenditure per capita, PPP (current international $)",SH.XPD.OOPC.PP.CD,British Virgin Islands,VGB,..,..,..,..,..,..,..,..,..,..,..,..
"Out-of-pocket expenditure per capita, PPP (current international $)",SH.XPD.OOPC.PP.CD,Brunei Darussalam,BRN,..,295.94068618236,112.370358057418,73.1013861062085,70.4008933906588,73.9248443011366,71.5965540925294,78.5537429805394,92.6290399415965,98.2650150498583,..,..
"Out-of-pocket expenditure per capita, PPP (current international $)",SH.XPD.OOPC.PP.CD,Bulgaria,BGR,..,151,543,576,645,676,661,672,760,812,..,..
"Out-of-pocket expenditure per capita, PPP (current international $)",SH.XPD.OOPC.PP.CD,Burkina Faso,BFA,..,11.189336735876,27.9105639758988,30.6552319292007,34.2621328720031,37.9508857187109,37.6675084944397,40.5805965495238,49.740227169866,52.90953879197,..,..
"Out-of-pocket expenditure per capita, PPP (current international $)",SH.XPD.OOPC.PP.CD,Burundi,BDI,..,13.7412413882289,16.2933777779539,15.6493122641253,15.3560232566766,15.1363517860713,14.9944891822241,15.2897424401076,16.4520654015318,17.8795360240224,..,..
"Out-of-pocket expenditure per capita, PPP (current international $)",SH.XPD.OOPC.PP.CD,Cabo Verde,CPV,..,32.2884536410887,74.6879819449347,76.1947767917285,83.6374532379448,90.7663135221259,90.7200649207184,96.5408010973854,85.0945052175555,93.6201329411232,..,..
"Out-of-pocket expenditure per capita, PPP (current international $)",SH.XPD.OOPC.PP.CD,Cambodia,KHM,..,48.369571167628,125.662579831653,121.154224565247,132.827777610173,130.744896064583,159.717539685578,205.213498567918,199.038036888168,197.959675035079,..,..
"Out-of-pocket expenditure per capita, PPP (current international $)",SH.XPD.OOPC.PP.CD,Cameroon,CMR,..,66.4067232978593,82.3208583650571,86.4421559779324,89.484453328737,94.7859256893921,99.9618328318504,103.201947809439,99.6861075653352,104.096832399209,..,..
"Out-of-pocket expenditure per capita, PPP (current international $)",SH.XPD.OOPC.PP.CD,Canada,CAN,..,402.181155675789,692.605981096168,706.200745518518,801.6751063517,835.169347367958,850.889261182592,849.693431035139,850.699117509557,918.846162507433,959.163627807175,..
"Out-of-pocket expenditure per capita, PPP (current international $)",SH.XPD.OOPC.PP.CD,Cayman Islands,CYM,..,..,..,..,..,..,..,..,..,..,..,..
"Out-of-pocket expenditure per capita, PPP (current international $)",SH.XPD.OOPC.PP.CD,Central African Republic,CAF,..,12.4117477598981,14.2150599653266,18.0178568789816,23.668397429293,31.5719298063193,41.1361181536809,43.2970486911623,40.9138411112507,41.9413431023271,..,..
"Out-of-pocket expenditure per capita, PPP (current international $)",SH.XPD.OOPC.PP.CD,Chad,TCD,..,25.7892780571091,40.0032971770063,46.6096777267705,43.819214022968,44.3237772207352,46.2293123738418,46.2394196955244,52.7793436274874,47.8393352525029,..,..
"Out-of-pocket expenditure per capita, PPP (current international $)",SH.XPD.OOPC.PP.CD,Channel Islands,CHI,..,..,..,..,..,..,..,..,..,..,..,..
"Out-of-pocket expenditure per capita, PPP (current international $)",SH.XPD.OOPC.PP.CD,Chile,CHL,..,283.778442280374,612.124936545043,653.969490002362,698.628107322825,743.183752793963,784.130922087176,786.16708700809,711.350692663094,801.332545715176,820.882561304203,..
"Out-of-pocket expenditure per capita, PPP (current international $)",SH.XPD.OOPC.PP.CD,China,CHN,..,78.605385189156,216.939033971636,222.306307793897,238.521323930989,256.588997834265,282.316031844437,312.080217657726,335.210674765568,355.18356939174,..,..
"Out-of-pocket expenditure per capita, PPP (current international $)",SH.XPD.OOPC.PP.CD,Colombia,COL,..,51.6461116001051,155.048294397527,153.471791001215,164.272521880675,169.104795346028,174.928578768091,181.979759015383,190.92161430702,210.85181513982,..,..
"Out-of-pocket expenditure per capita, PPP (current international $)",SH.XPD.OOPC.PP.CD,Comoros,COM,..,105.310066555058,99.0827099120341,99.5282267296614,101.240444288052,108.979298935568,110.2698577534,109.193616640804,122.299952662348,123.741831924967,..,..
"Out-of-pocket expenditure per capita, PPP (current international $)",SH.XPD.OOPC.PP.CD,"Congo, Dem. Rep.",COD,..,3.42691882915948,12.69945850517,13.0383538088446,15.1811858031166,17.0702941837704,14.6181046686525,14.6634710485297,17.7185046319002,17.8475245986506,..,..
"Out-of-pocket expenditure per capita, PPP (current international $)",SH.XPD.OOPC.PP.CD,"Congo, Rep.",COG,..,30.1409936476806,34.962361510613,35.4775627503152,45.2876650033354,46.848916790004,36.9738706105159,41.7950892716052,39.528224037012,30.0724066254763,..,..
"Out-of-pocket expenditure per capita, PPP (current international $)",SH.XPD.OOPC.PP.CD,Costa Rica,CRI,..,166.267713922696,306.15595169084,298.756522417363,307.026484692033,302.017329003069,345.337517820352,364.470142878634,344.393983176976,355.48800337594,..,..
"Out-of-pocket expenditure per capita, PPP (current international $)",SH.XPD.OOPC.PP.CD,Cote d'Ivoire,CIV,..,128.55676010646,81.2434763908498,62.8046273567962,62.3704962372979,61.576997258415,62.0952104202359,65.4903318567884,64.0435718291841,60.7698056176302,..,..
"Out-of-pocket expenditure per capita, PPP (current international $)",SH.XPD.OOPC.PP.CD,Croatia,HRV,..,112,166,170,186,197,221,246,239,254,..,..
"Out-of-pocket expenditure per capita, PPP (current international $)",SH.XPD.OOPC.PP.CD,Cuba,CUB,..,89.0881108237981,260.296570092585,305.601081541657,256.324276124565,263.986412875644,277.566428290474,276.905151357715,231.431281678776,254.597207692646,..,..
"Out-of-pocket expenditure per capita, PPP (current international $)",SH.XPD.OOPC.PP.CD,Curacao,CUW,..,..,..,..,..,..,..,..,..,..,..,..
"Out-of-pocket expenditure per capita, PPP (current international $)",SH.XPD.OOPC.PP.CD,Cyprus,CYP,..,635,937,947,1069,1145,1240,1057,622,417,..,..
"Out-of-pocket expenditure per capita, PPP (current international $)",SH.XPD.OOPC.PP.CD,Czechia,CZE,..,94.1884328020366,360.816769807108,371.369509841255,398.964067359812,417.447465271976,436.864764220385,474.71982924112,455.021448888738,540.792931894508,..,..
"Out-of-pocket expenditure per capita, PPP (current international $)",SH.XPD.OOPC.PP.CD,Denmark,DNK,..,357,661,686,723,768,804,840,832,887,926,..
"Out-of-pocket expenditure per capita, PPP (current international $)",SH.XPD.OOPC.PP.CD,Djibouti,DJI,..,35.1189803787935,26.2029567864499,26.4155938505446,27.0913124782482,28.7455659161231,31.9986533684851,33.6255143805592,28.6956725159577,30.5233847886258,..,..
"Out-of-pocket expenditure per capita, PPP (current international $)",SH.XPD.OOPC.PP.CD,Dominica,DMA,..,116.57132923778,210.323723820304,199.022298507223,200.771324497507,179.551821501312,231.987562585531,226.082531357283,183.089351882243,179.050852183485,..,..
"Out-of-pocket expenditure per capita, PPP (current international $)",SH.XPD.OOPC.PP.CD,Dominican Republic,DOM,..,177.711674139939,198.470494129775,206.286417331909,214.657133501235,210.073493492153,213.61710460743,224.331284232509,215.361757946146,237.432862975229,..,..
"Out-of-pocket expenditure per capita, PPP (current international $)",SH.XPD.OOPC.PP.CD,Ecuador,ECU,..,124.06561300426,263.379608173428,302.088859347409,268.50759753729,285.915399178311,281.954780480895,285.372304878385,289.681559497138,297.352541908687,..,..
"Out-of-pocket expenditure per capita, PPP (current international $)",SH.XPD.OOPC.PP.CD,"Egypt, Arab Rep.",EGY,..,180.527671748898,285.49673125493,341.899585959189,335.249235371253,331.543377011446,345.223915954576,352.248345852256,310.789645273483,337.899781790512,..,..
"Out-of-pocket expenditure per capita, PPP (current international $)",SH.XPD.OOPC.PP.CD,El Salvador,SLV,..,156.859315693851,230.616323170042,237.901860131532,246.035719337162,270.613665849376,281.550547593357,311.985161133631,217.151331233125,259.335148076034,..,..
"Out-of-pocket expenditure per capita, PPP (current international $)",SH.XPD.OOPC.PP.CD,Equatorial Guinea,GNQ,..,48.0407303322613,348.739614626728,349.235507590558,364.887806005767,396.269074833229,378.457680257546,409.590374508572,466.80132618679,424.120488463089,..,..
"Out-of-pocket expenditure per capita, PPP (current international $)",SH.XPD.OOPC.PP.CD,Eritrea,ERI,..,44.4556987894162,41.7485216411514,29.7994683108978,36.3324995479762,27.6117796825318,35.5626804203714,37.6887785282073,35.4475380575485,39.4798688153456,..,..
"Out-of-pocket expenditure per capita, PPP (current international $)",SH.XPD.OOPC.PP.CD,Estonia,EST,..,98.7846769281772,432.743730470926,459.783403501586,498.135706066527,554.253355927847,598.501311275005,637.180096755404,640.823644029542,719.342784435727,732.14594626522,..
"Out-of-pocket expenditure per capita, PPP (current international $)",SH.XPD.OOPC.PP.CD,Eswatini,SWZ,..,39.2962357232448,65.5091162340971,64.0105916262384,61.2826493331402,60.1901484389892,62.6565373592636,63.2328471903514,64.1085153890723,71.3793383577594,..,..
"Out-of-pocket expenditure per capita, PPP (current international $)",SH.XPD.OOPC.PP.CD,Ethiopia,ETH,..,7.47582157686225,23.1023923180951,22.9099893421307,23.582571099254,23.6173631704501,24.820927578464,27.8858803747268,27.363075502474,30.2409377499231,..,..
"Out-of-pocket expenditure per capita, PPP (current international $)",SH.XPD.OOPC.PP.CD,Faroe Islands,FRO,..,..,..,..,..,..,..,..,..,..,..,..
"Out-of-pocket expenditure per capita, PPP (current international $)",SH.XPD.OOPC.PP.CD,Fiji,FJI,..,22.9106374646487,71.9708467421773,82.1730895034611,81.2227314378902,63.7221870346828,100.744290764493,112.393927838974,103.651796226244,109.313351465116,..,..
"Out-of-pocket expenditure per capita, PPP (current international $)",SH.XPD.OOPC.PP.CD,Finland,FIN,..,411,720,764,812,827,827,828,830,904,..,..
"Out-of-pocket expenditure per capita, PPP (current international $)",SH.XPD.OOPC.PP.CD,France,FRA,..,183.02392155301,462.547273120824,456.032645827396,474.461201083983,491.423846726068,496.48214681515,531.0211874142,518.01667519614,564.974871798606,..,..
"Out-of-pocket expenditure per capita, PPP (current international $)",SH.XPD.OOPC.PP.CD,French Polynesia,PYF,..,..,..,..,..,..,..,..,..,..,..,..
"Out-of-pocket expenditure per capita, PPP (current international $)",SH.XPD.OOPC.PP.CD,Gabon,GAB,..,206.101567176608,104.890099722757,97.1594847260018,96.3605272457862,101.279406591656,92.6031301633808,96.4433893716269,99.7578598791073,89.4887743903144,..,..
"Out-of-pocket expenditure per capita, PPP (current international $)",SH.XPD.OOPC.PP.CD,"Gambia, The",GMB,..,26.2479297598411,15.3472546566971,14.2302297014933,18.6982258758574,17.2394505952637,15.461469040576,13.8626897415851,13.9682048526483,14.8417066037729,..,..
"Out-of-pocket expenditure per capita, PPP (current international $)",SH.XPD.OOPC.PP.CD,Georgia,GEO,..,178,595,508,564,519,489,480,443,441,592,..
"Out-of-pocket expenditure per capita, PPP (current international $)",SH.XPD.OOPC.PP.CD,Germany,DEU,..,327.397310556522,669.05949374135,694.268686744904,730.798169552883,770.459538534074,827.269491125635,896.409259015558,880.387496258826,916.205849453554,899.658559260887,..
"Out-of-pocket expenditure per capita, PPP (current international $)",SH.XPD.OOPC.PP.CD,Ghana,GHA,..,36.5778985564772,97.280684156187,81.6806375429444,61.7017919733022,66.9571332350705,66.7240288699653,67.6163636636714,62.8539898606428,67.5468791980219,..,..
"Out-of-pocket expenditure per capita, PPP (current international $)",SH.XPD.OOPC.PP.CD,Gibraltar,GIB,..,..,..,..,..,..,..,..,..,..,..,..
"Out-of-pocket expenditure per capita, PPP (current international $)",SH.XPD.OOPC.PP.CD,Greece,GRC,..,514.257247080079,779.136482445649,789.942617335408,796.884591514643,813.334462233845,867.062668904367,859.059524374691,901.358247258782,953.430611273233,..,..
"Out-of-pocket expenditure per capita, PPP (current international $)",SH.XPD.OOPC.PP.CD,Greenland,GRL,..,..,..,..,..,..,..,..,..,..,..,..
"Out-of-pocket expenditure per capita, PPP (current international $)",SH.XPD.OOPC.PP.CD,Grenada,GRD,..,232.164203495991,298.209520057917,327.000659515937,341.688244384309,381.593994313211,396.96865077223,430.552463510863,417.603143948819,452.737398590914,..,..
"Out-of-pocket expenditure per capita, PPP (current international $)",SH.XPD.OOPC.PP.CD,Guam,GUM,..,..,..,..,..,..,..,..,..,..,..,..
"Out-of-pocket expenditure per capita, PPP (current international $)",SH.XPD.OOPC.PP.CD,Guatemala,GTM,..,160.226680794253,247.232067484753,266.812207669179,271.823039603962,268.22836438597,295.389851080892,303.267206185091,312.801200459376,405.725419925523,..,..
"Out-of-pocket expenditure per capita, PPP (current international $)",SH.XPD.OOPC.PP.CD,Guinea,GIN,..,34.6468033228065,49.6117055490787,51.2907299301874,54.9232945308562,60.2825682818928,63.498964790159,64.2231279860745,60.8744385907515,58.475087535664,..,..
"Out-of-pocket expenditure per capita, PPP (current international $)",SH.XPD.OOPC.PP.CD,Guinea-Bissau,GNB,..,28.0431105738375,79.5069195997403,92.7991724003152,96.4047760153246,97.6269002622281,95.529008397679,101.218604431495,102.86137419367,104.4306492816,..,..
"Out-of-pocket expenditure per capita, PPP (current international $)",SH.XPD.OOPC.PP.CD,Guyana,GUY,..,63.6630788605093,157.974126447714,154.368771743902,138.090253992731,151.89053506932,209.61627484798,229.461565331112,258.872379620924,325.620104192752,..,..
"Out-of-pocket expenditure per capita, PPP (current international $)",SH.XPD.OOPC.PP.CD,Haiti,HTI,..,39.1977242531838,42.1202303356077,50.5892179270476,52.9401064147355,55.2867699647232,54.9018631862929,49.3543397632201,47.1628620934031,47.7556778471102,..,..
"Out-of-pocket expenditure per capita, PPP (current international $)",SH.XPD.OOPC.PP.CD,Honduras,HND,..,73.6286893156307,168.339102925284,179.308271299208,193.51379793148,189.720025567053,214.616507609816,224.243120122143,239.79154034417,289.963888050338,..,..
"Out-of-pocket expenditure per capita, PPP (current international $)",SH.XPD.OOPC.PP.CD,"Hong Kong SAR, China",HKG,..,..,..,..,..,..,..,..,..,..,..,..
"Out-of-pocket expenditure per capita, PPP (current international $)",SH.XPD.OOPC.PP.CD,Hungary,HUN,..,219,512,504,540,542,562,605,650,667,..,..
"Out-of-pocket expenditure per capita, PPP (current international $)",SH.XPD.OOPC.PP.CD,Iceland,ISL,..,477,680,700,730,756,763,795,781,834,870,..
"Out-of-pocket expenditure per capita, PPP (current international $)",SH.XPD.OOPC.PP.CD,India,IND,..,61,126,126,128,99,100,106,107,117,..,..
"Out-of-pocket expenditure per capita, PPP (current international $)",SH.XPD.OOPC.PP.CD,Indonesia,IDN,..,42.6447894996641,137.266561474057,127.650886304566,120.751309115935,114.962841150351,117.925006885509,122.910952706153,129.661607871262,131.220081106772,..,..
"Out-of-pocket expenditure per capita, PPP (current international $)",SH.XPD.OOPC.PP.CD,"Iran, Islamic Rep.",IRN,..,290.981674232198,420.948252208947,460.533494778862,485.096380765593,477.557558524706,419.108847951815,358.133320927548,306.707458372789,328.287027316842,..,..
"Out-of-pocket expenditure per capita, PPP (current international $)",SH.XPD.OOPC.PP.CD,Iraq,IRQ,..,..,231.048895238904,235.315895146814,182.185790827297,240.002581540857,212.680563623328,229.188992333309,291.399131304973,256.15086347439,..,..
"Out-of-pocket expenditure per capita, PPP (current international $)",SH.XPD.OOPC.PP.CD,Ireland,IRL,..,217.527099480208,687.306313580184,685.984853410322,703.750427149763,703.922675612084,697.689138135222,734.752909930244,733.085856644017,769.162288937783,841.11595663555,..
"Out-of-pocket expenditure per capita, PPP (current international $)",SH.XPD.OOPC.PP.CD,Isle of Man,IMN,..,..,..,..,..,..,..,..,..,..,..,..
"Out-of-pocket expenditure per capita, PPP (current international $)",SH.XPD.OOPC.PP.CD,Israel,ISR,..,515,588,593,648,666,667,660,656,726,..,..
"Out-of-pocket expenditure per capita, PPP (current international $)",SH.XPD.OOPC.PP.CD,Italy,ITA,..,542,724,766,812,858,879,929,888,957,1002,..
"Out-of-pocket expenditure per capita, PPP (current international $)",SH.XPD.OOPC.PP.CD,Jamaica,JAM,..,107.90696173784,97.5867449092751,97.0657934204392,97.4664284193718,102.855075361959,104.167848328966,107.025002540345,94.7882982267928,99.0827665717209,..,..
"Out-of-pocket expenditure per capita, PPP (current international $)",SH.XPD.OOPC.PP.CD,Japan,JPN,..,306,545,569,557,560,591,602,552,562,..,..
"Out-of-pocket expenditure per capita, PPP (current international $)",SH.XPD.OOPC.PP.CD,Jordan,JOR,..,226.385187999904,142.432450944358,202.180417516365,208.180750058661,232.739533119784,241.972170226771,250.677189328646,256.420098356796,276.605694366049,..,..
"Out-of-pocket expenditure per capita, PPP (current international $)",SH.XPD.OOPC.PP.CD,Kazakhstan,KAZ,..,152,172,223,286,248,243,256,275,279,..,..
"Out-of-pocket expenditure per capita, PPP (current international $)",SH.XPD.OOPC.PP.CD,Kenya,KEN,..,35.1332868832561,49.1144409135389,48.2336816324156,47.8495409113262,40.0220229040162,43.7829447241112,50.9077841659569,49.2034485715502,53.9568330890627,..,..
"Out-of-pocket expenditure per capita, PPP (current international $)",SH.XPD.OOPC.PP.CD,Kiribati,KIR,..,0,1,2,2,2,2,2,2,2,..,..
"Out-of-pocket expenditure per capita, PPP (current international $)",SH.XPD.OOPC.PP.CD,"Korea, Dem. People's Rep.",PRK,..,..,..,..,..,..,..,..,..,..,..,..
"Out-of-pocket expenditure per capita, PPP (current international $)",SH.XPD.OOPC.PP.CD,"Korea, Rep.",KOR,..,311.107084931876,789.286274091825,861.160171009026,924.286774930985,962.426973296521,1063.95474658102,1120.944047289,1081.60749414678,1270.73140570755,1387.47204095453,..
"Out-of-pocket expenditure per capita, PPP (current international $)",SH.XPD.OOPC.PP.CD,Kosovo,XKX,..,..,..,..,..,..,..,..,..,..,..,..
"Out-of-pocket expenditure per capita, PPP (current international $)",SH.XPD.OOPC.PP.CD,Kuwait,KWT,..,333.205295228244,279.31485213558,267.540208895821,274.466913749913,300.803109028919,276.836996695803,283.331944883714,283.767665407823,270.683953296751,..,..
"Out-of-pocket expenditure per capita, PPP (current international $)",SH.XPD.OOPC.PP.CD,Kyrgyz Republic,KGZ,..,42,178,166,173,178,125,116,123,123,..,..
"Out-of-pocket expenditure per capita, PPP (current international $)",SH.XPD.OOPC.PP.CD,Lao PDR,LAO,..,35.5834985565223,68.1594578394343,68.1939579374578,74.5400385596776,84.1954594026002,84.2578967577381,89.2088988699116,67.6235365054107,71.9029287204183,..,..
"Out-of-pocket expenditure per capita, PPP (current international $)",SH.XPD.OOPC.PP.CD,Latvia,LVA,..,207,507,569,707,712,746,762,759,851,..,..
"Out-of-pocket expenditure per capita, PPP (current international $)",SH.XPD.OOPC.PP.CD,Lebanon,LBN,..,490.75441877143,401.019043631932,372.926997092517,420.284677006027,459.530636191475,524.239637055022,474.641538336142,273.160815494026,183.329226148993,..,..
"Out-of-pocket expenditure per capita, PPP (current international $)",SH.XPD.OOPC.PP.CD,Lesotho,LSO,..,27.1512713300886,40.0867342513113,43.5523957456192,42.0424739445879,43.793420398313,42.2443959638623,40.2223511999152,38.1410702359169,37.1515985215146,..,..
"Out-of-pocket expenditure per capita, PPP (current international $)",SH.XPD.OOPC.PP.CD,Liberia,LBR,..,19.864974049135,56.1908578444237,58.1577685349321,61.7075753844444,72.6166145650096,70.1191832535618,64.5154028942349,64.9868149605268,64.1129916551212,..,..
"Out-of-pocket expenditure per capita, PPP (current international $)",SH.XPD.OOPC.PP.CD,Libya,LBY,..,372.738086469519,..,..,..,..,..,..,..,..,..,..
"Out-of-pocket expenditure per capita, PPP (current international $)",SH.XPD.OOPC.PP.CD,Liechtenstein,LIE,..,..,..,..,..,..,..,..,..,..,..,..
"Out-of-pocket expenditure per capita, PPP (current international $)",SH.XPD.OOPC.PP.CD,Lithuania,LTU,..,142,548,592,659,697,747,901,862,1035,1119,..
"Out-of-pocket expenditure per capita, PPP (current international $)",SH.XPD.OOPC.PP.CD,Luxembourg,LUX,..,468,617,594,624,636,648,633,582,669,664,..
"Out-of-pocket expenditure per capita, PPP (current international $)",SH.XPD.OOPC.PP.CD,"Macao SAR, China",MAC,..,..,..,..,..,..,..,..,..,..,..,..
"Out-of-pocket expenditure per capita, PPP (current international $)",SH.XPD.OOPC.PP.CD,Madagascar,MDG,..,21.7599878653934,19.0498781622539,19.0097206817798,19.2840077511566,19.0583687986097,19.7418309757306,17.5385507053013,17.4494961891308,18.5377563391403,..,..
"Out-of-pocket expenditure per capita, PPP (current international $)",SH.XPD.OOPC.PP.CD,Malawi,MWI,..,4.95564758679671,8.47688474564794,10.3713765102894,13.8338630139571,14.0073640493408,13.3367364229873,13.7949034096722,16.7966461405167,16.7775017743043,..,..
"Out-of-pocket expenditure per capita, PPP (current international $)",SH.XPD.OOPC.PP.CD,Malaysia,MYS,..,145.345030393493,298.598505327162,311.318440138014,330.790908378277,346.198777440781,378.489563772638,399.401832495791,381.05921080499,406.859620282694,..,..
"Out-of-pocket expenditure per capita, PPP (current international $)",SH.XPD.OOPC.PP.CD,Maldives,MDV,..,509,371,297,356,362,298,287,271,296,..,..
"Out-of-pocket expenditure per capita, PPP (current international $)",SH.XPD.OOPC.PP.CD,Mali,MLI,..,41.5201856588035,27.7864171490168,27.4946307251608,28.3726902616971,29.6780660827469,27.1905151237115,27.5248373562457,35.1384543981502,36.4696631877854,..,..
"Out-of-pocket expenditure per capita, PPP (current international $)",SH.XPD.OOPC.PP.CD,Malta,MLT,..,319,1151,1255,1264,1360,1364,1570,1465,1577,..,..
"Out-of-pocket expenditure per capita, PPP (current international $)",SH.XPD.OOPC.PP.CD,Marshall Islands,MHL,..,3.84362222627526,6.08156900055157,6.20978501869794,6.11250291065435,6.80313972053251,7.1429009352478,7.88944571642851,7.1732206505127,7.34635877727205,..,..
"Out-of-pocket expenditure per capita, PPP (current international $)",SH.XPD.OOPC.PP.CD,Mauritania,MRT,..,80.3004596718374,72.5357034485979,75.5335641832633,80.3391830217093,84.5066117140561,85.3121062684837,84.93321092828,82.5287350973601,79.5544928222992,..,..
"Out-of-pocket expenditure per capita, PPP (current international $)",SH.XPD.OOPC.PP.CD,Mauritius,MUS,..,117.100422688282,497.397783346712,530.570024261012,555.574796814446,584.157014057304,625.633678974723,663.034995691786,566.996075495981,613.078086077184,..,..
"Out-of-pocket expenditure per capita, PPP (current international $)",SH.XPD.OOPC.PP.CD,Mexico,MEX,..,260.365869951551,415.370763600346,435.985576657184,450.606621137886,456.866656510481,465.766847226471,465.870290162212,446.703723710928,492.357054279017,..,..
"Out-of-pocket expenditure per capita, PPP (current international $)",SH.XPD.OOPC.PP.CD,"Micronesia, Fed. Sts.",FSM,..,7.87665218858978,8.57767394160482,9.59687594769141,9.36004015079357,9.46989401334887,8.9061407867968,9.57879837780138,9.27303719904952,9.3630036020427,..,..
"Out-of-pocket expenditure per capita, PPP (current international $)",SH.XPD.OOPC.PP.CD,Moldova,MDA,..,71,235,292,292,353,331,307,271,355,..,..
"Out-of-pocket expenditure per capita, PPP (current international $)",SH.XPD.OOPC.PP.CD,Monaco,MCO,..,242.747268205989,476.775245387594,490.538345477403,511.006693515444,500.934156458739,506.035413325257,545.053534278436,480.068722247576,604.335744542217,..,..
"Out-of-pocket expenditure per capita, PPP (current international $)",SH.XPD.OOPC.PP.CD,Mongolia,MNG,..,40.9837430443784,163.474832205366,165.764211805098,172.743445272164,188.745721894713,245.872989568732,251.58540096401,250.994193902881,297.098867015187,..,..
"Out-of-pocket expenditure per capita, PPP (current international $)",SH.XPD.OOPC.PP.CD,Montenegro,MNE,..,..,472,546,590,652,701,754,846,929,..,..
"Out-of-pocket expenditure per capita, PPP (current international $)",SH.XPD.OOPC.PP.CD,Morocco,MAR,..,78.4616435911957,192.995034136158,194.375282763611,194.103963345392,192.341247181155,194.879262704708,200.068836394347,206.116020715242,230.835141531841,..,..
"Out-of-pocket expenditure per capita, PPP (current international $)",SH.XPD.OOPC.PP.CD,Mozambique,MOZ,..,3.88075065355715,7.59063575338214,9.83938109939854,10.5260245146914,9.75904455802635,10.1685307039718,10.1427392421776,10.0232577473594,10.8300420092986,..,..
"Out-of-pocket expenditure per capita, PPP (current international $)",SH.XPD.OOPC.PP.CD,Myanmar,MMR,..,17,119,162,162,166,175,189,195,178,..,..
"Out-of-pocket expenditure per capita, PPP (current international $)",SH.XPD.OOPC.PP.CD,Namibia,NAM,..,33.7892569680642,80.6197931403328,78.8827612290007,76.0847539684104,70.2942262493916,70.5377806364935,69.5538593785923,62.5862857688822,72.6617581373492,..,..
"Out-of-pocket expenditure per capita, PPP (current international $)",SH.XPD.OOPC.PP.CD,Nauru,NRU,..,29.4172919011001,12.4368707134439,17.9307512082093,15.1846377164399,11.9387657805332,10.9316160339721,12.0415255646641,12.0911237013214,12.7202041494759,..,..
"Out-of-pocket expenditure per capita, PPP (current international $)",SH.XPD.OOPC.PP.CD,Nepal,NPL,..,26,88,95,88,95,100,105,112,117,..,..
"Out-of-pocket expenditure per capita, PPP (current international $)",SH.XPD.OOPC.PP.CD,Netherlands,NLD,..,272,604,587,595,617,627,639,624,673,..,..
"Out-of-pocket expenditure per capita, PPP (current international $)",SH.XPD.OOPC.PP.CD,New Caledonia,NCL,..,..,..,..,..,..,..,..,..,..,..,..
"Out-of-pocket expenditure per capita, PPP (current international $)",SH.XPD.OOPC.PP.CD,New Zealand,NZL,..,246.878619974085,450.79212432872,466.916054701162,506.066240930381,521.282677356541,502.465689171846,530.657421824687,525.76496549787,554.600456131081,..,..
"Out-of-pocket expenditure per capita, PPP (current international $)",SH.XPD.OOPC.PP.CD,Nicaragua,NIC,..,63.2392700560753,137.794664828874,147.414042153601,158.336187596274,166.715374440774,162.654829918673,158.689210316612,152.610055810939,184.857627062438,..,..
"Out-of-pocket expenditure per capita, PPP (current international $)",SH.XPD.OOPC.PP.CD,Niger,NER,..,21.2013511778082,27.5406227460394,31.454087799554,30.2580536604162,31.1421355671745,31.72292855564,33.1412168183624,34.4221433845981,32.2341685018757,..,..
"Out-of-pocket expenditure per capita, PPP (current international $)",SH.XPD.OOPC.PP.CD,Nigeria,NGA,..,46.2974628774677,130.303928316032,137.560990986938,141.507950761019,148.490778555003,122.324031933092,112.9293686365,129.546150033204,168.073296184759,..,..
"Out-of-pocket expenditure per capita, PPP (current international $)",SH.XPD.OOPC.PP.CD,North Macedonia,MKD,..,228,290,296,335,408,439,489,511,641,..,..
"Out-of-pocket expenditure per capita, PPP (current international $)",SH.XPD.OOPC.PP.CD,Northern Mariana Islands,MNP,..,..,..,..,..,..,..,..,..,..,..,..
"Out-of-pocket expenditure per capita, PPP (current international $)",SH.XPD.OOPC.PP.CD,Norway,NOR,..,513,890,869,895,962,980,1020,1028,1146,..,..
"Out-of-pocket expenditure per capita, PPP (current international $)",SH.XPD.OOPC.PP.CD,Oman,OMN,..,124.766129468546,79.4902689902599,78.8052865565592,78.4828368191891,80.3283795276303,73.159151989707,79.9677589861832,93.066234221754,100.977431460958,..,..
"Out-of-pocket expenditure per capita, PPP (current international $)",SH.XPD.OOPC.PP.CD,Pakistan,PAK,..,42.3306772789281,71.9820976993617,73.683354408461,75.5877837064772,78.8380886752535,83.2853721115151,85.8363571664817,86.0941058746747,95.865558729469,..,..
"Out-of-pocket expenditure per capita, PPP (current international $)",SH.XPD.OOPC.PP.CD,Palau,PLW,..,136.402180172786,277.445093697918,300.613361452677,314.364052075777,330.318410084924,337.09735837812,334.960130134097,370.6878174583,384.011478267022,..,..
"Out-of-pocket expenditure per capita, PPP (current international $)",SH.XPD.OOPC.PP.CD,Panama,PAN,..,190.639219910475,523.540435537494,603.115687398367,670.79031344726,723.485630503696,896.43239978096,1047.24824238818,1151.26048228051,1153.0192577574,..,..
"Out-of-pocket expenditure per capita, PPP (current international $)",SH.XPD.OOPC.PP.CD,Papua New Guinea,PNG,..,3.96098449008751,6.87771259010395,8.33495091437013,9.10563419755056,7.95937892646157,8.73926465167812,9.11498966218795,9.46989573095143,9.61150284414572,..,..
"Out-of-pocket expenditure per capita, PPP (current international $)",SH.XPD.OOPC.PP.CD,Paraguay,PRY,..,204.048389358178,365.087567546278,364.559042389866,373.17573886946,393.578903645241,419.630122003851,426.265963572973,408.349535388893,439.09829072396,..,..
"Out-of-pocket expenditure per capita, PPP (current international $)",SH.XPD.OOPC.PP.CD,Peru,PER,..,86.6061515670055,180.628530229216,172.530842620058,176.871810250113,177.811133382371,201.007694882067,196.772049393573,172.167041497386,232.92714253311,..,..
"Out-of-pocket expenditure per capita, PPP (current international $)",SH.XPD.OOPC.PP.CD,Philippines,PHL,..,43,134,142,152,159,171,185,189,219,231,..
"Out-of-pocket expenditure per capita, PPP (current international $)",SH.XPD.OOPC.PP.CD,Poland,POL,..,176,370,396,422,448,413,454,448,487,526,..
"Out-of-pocket expenditure per capita, PPP (current international $)",SH.XPD.OOPC.PP.CD,Portugal,PRT,..,419,786,815,873,912,983,1087,1033,1186,1277,..
"Out-of-pocket expenditure per capita, PPP (current international $)",SH.XPD.OOPC.PP.CD,Puerto Rico,PRI,..,..,..,..,..,..,..,..,..,..,..,..
"Out-of-pocket expenditure per capita, PPP (current international $)",SH.XPD.OOPC.PP.CD,Qatar,QAT,..,535.158307142869,196.136837468766,190.939781449191,189.47220037368,203.763603467045,186.886247873082,201.338191320058,211.497590350935,193.584656037472,..,..
"Out-of-pocket expenditure per capita, PPP (current international $)",SH.XPD.OOPC.PP.CD,Romania,ROU,..,48,210,227,251,286,316,356,394,490,..,..
"Out-of-pocket expenditure per capita, PPP (current international $)",SH.XPD.OOPC.PP.CD,Russian Federation,RUS,..,111,484,499,522,568,596,623,600,688,..,..
"Out-of-pocket expenditure per capita, PPP (current international $)",SH.XPD.OOPC.PP.CD,Rwanda,RWA,..,5.95522267597884,14.0461225343398,14.2833530093455,14.5605989210634,14.6129863568971,16.6881481083765,17.5420444561352,16.7447823643038,18.2521855785144,..,..
"Out-of-pocket expenditure per capita, PPP (current international $)",SH.XPD.OOPC.PP.CD,Samoa,WSM,..,15.8843640066273,37.4887943669289,35.9485503848289,38.8481696850715,38.7072251838164,38.9538462605562,41.6747469211383,42.7994618099169,46.2722964513,..,..
"Out-of-pocket expenditure per capita, PPP (current international $)",SH.XPD.OOPC.PP.CD,San Marino,SMR,..,..,487.832739852841,549.203439730066,592.712697637491,595.372614841534,555.520829415247,572.538771174563,517.923038720696,641.367793980487,..,..
"Out-of-pocket expenditure per capita, PPP (current international $)",SH.XPD.OOPC.PP.CD,Sao Tome and Principe,STP,..,72.3111251456841,38.0934505376531,32.7520567862763,34.5620933804399,37.1663998309844,35.278157322091,37.3246071430056,36.7490059599294,40.4324830312835,..,..
"Out-of-pocket expenditure per capita, PPP (current international $)",SH.XPD.OOPC.PP.CD,Saudi Arabia,SAU,..,297.05889418553,368.289857344313,406.180824630607,411.324011586288,410.795307331306,413.164080656071,304.83305146002,316.454802848968,307.68291012222,..,..
"Out-of-pocket expenditure per capita, PPP (current international $)",SH.XPD.OOPC.PP.CD,Senegal,SEN,..,39.8513179068866,63.5111725553185,67.1561084181858,68.0497475778102,66.3512891197622,73.8889702466067,78.363373967821,76.4515896328473,79.0485717267512,..,..
"Out-of-pocket expenditure per capita, PPP (current international $)",SH.XPD.OOPC.PP.CD,Serbia,SRB,..,110.09627002249,540.195774813686,532.574985594556,541.267423264056,553.397376506768,577.565851073118,621.108702670296,610.723684931463,770.703759892591,..,..
"Out-of-pocket expenditure per capita, PPP (current international $)",SH.XPD.OOPC.PP.CD,Seychelles,SYC,..,119.1367436194,316.189762628597,279.284691836704,317.243850609262,310.360811342974,336.208123452933,337.059553460079,350.097442153336,340.478809350274,..,..
"Out-of-pocket expenditure per capita, PPP (current international $)",SH.XPD.OOPC.PP.CD,Sierra Leone,SLE,..,72.9484145625317,121.185120838991,109.724498013891,112.706165254803,81.6262586200074,83.3530765872509,83.324028814566,81.6658188535583,78.0029639493207,..,..
"Out-of-pocket expenditure per capita, PPP (current international $)",SH.XPD.OOPC.PP.CD,Singapore,SGP,..,700.664153446937,1068.65456005868,1178.54706243875,1259.19912655921,1300.83439870464,1156.45483322558,1250.39366306402,1350.14388273967,1429.32507162402,..,..
"Out-of-pocket expenditure per capita, PPP (current international $)",SH.XPD.OOPC.PP.CD,Sint Maarten (Dutch part),SXM,..,..,..,..,..,..,..,..,..,..,..,..
"Out-of-pocket expenditure per capita, PPP (current international $)",SH.XPD.OOPC.PP.CD,Slovak Republic,SVK,..,65,360,375,378,381,396,444,440,518,..,..
"Out-of-pocket expenditure per capita, PPP (current international $)",SH.XPD.OOPC.PP.CD,Slovenia,SVN,..,187,341,336,345,368,388,419,482,537,557,..
"Out-of-pocket expenditure per capita, PPP (current international $)",SH.XPD.OOPC.PP.CD,Solomon Islands,SLB,..,3.38540181925861,3.48575280285029,3.38681524720791,3.4601154735038,3.44000196760885,3.76488369358723,4.34284715941234,4.36888862676613,4.44791317815891,..,..
"Out-of-pocket expenditure per capita, PPP (current international $)",SH.XPD.OOPC.PP.CD,Somalia,SOM,..,..,..,..,..,..,..,..,..,..,..,..
"Out-of-pocket expenditure per capita, PPP (current international $)",SH.XPD.OOPC.PP.CD,South Africa,ZAF,..,86.5149560791712,60.4372214873632,62.7414750923685,64.0221824470281,64.9304533701003,67.617624773262,68.1779537890927,62.433086670588,66.6255163627726,..,..
"Out-of-pocket expenditure per capita, PPP (current international $)",SH.XPD.OOPC.PP.CD,South Sudan,SSD,..,..,..,..,..,16.5911121939582,14.4168669596878,21.7467904597341,19.8802607724943,9.25519812417762,..,..
"Out-of-pocket expenditure per capita, PPP (current international $)",SH.XPD.OOPC.PP.CD,Spain,ESP,..,357.88498045139,704.466355456254,710.17720328758,733.675427773986,788.093588013558,817.296482692887,864.36303186778,805.812993407878,917.049351249173,..,..
"Out-of-pocket expenditure per capita, PPP (current international $)",SH.XPD.OOPC.PP.CD,Sri Lanka,LKA,..,71,193,216,234,222,241,254,245,266,..,..
"Out-of-pocket expenditure per capita, PPP (current international $)",SH.XPD.OOPC.PP.CD,St. Kitts and Nevis,KNA,..,385.660928944638,675.656115827305,777.564525752389,832.555999345762,825.188536766236,740.900154814615,781.901549465721,672.587585300456,696.612699268922,..,..
"Out-of-pocket expenditure per capita, PPP (current international $)",SH.XPD.OOPC.PP.CD,St. Lucia,LCA,..,260.260306505093,336.149804563095,304.180949208172,299.338703653525,313.583717637664,308.821281440006,289.337159697929,297.598563137302,331.300861029166,..,..
"Out-of-pocket expenditure per capita, PPP (current international $)",SH.XPD.OOPC.PP.CD,St. Martin (French part),MAF,..,..,..,..,..,..,..,..,..,..,..,..
"Out-of-pocket expenditure per capita, PPP (current international $)",SH.XPD.OOPC.PP.CD,St. Vincent and the Grenadines,VCT,..,73.8371510910456,173.258213653536,171.548686629751,182.665008538596,182.876219593817,187.793682699509,176.893656019465,184.399111726874,203.859901193915,..,..
"Out-of-pocket expenditure per capita, PPP (current international $)",SH.XPD.OOPC.PP.CD,Sudan,SDN,..,65.2747699428702,172.89443997101,206.194472293091,226.624097855817,202.505749246593,137.728220914438,137.725092275799,83.0507835739962,72.4049601718473,..,..
"Out-of-pocket expenditure per capita, PPP (current international $)",SH.XPD.OOPC.PP.CD,Suriname,SUR,..,74.7530452370043,235.222156219259,213.651080776064,191.351215982999,249.2765224433,232.657840330019,288.064422752066,231.231488480659,228.961598427446,..,..
"Out-of-pocket expenditure per capita, PPP (current international $)",SH.XPD.OOPC.PP.CD,Sweden,SWE,..,314,775,795,799,794,822,842,818,888,922,..
"Out-of-pocket expenditure per capita, PPP (current international $)",SH.XPD.OOPC.PP.CD,Switzerland,CHE,..,1043.33593311699,1596.64056788383,1671.70289215031,1708.67228346026,1745.93829113069,1783.08531820805,1887.66841386981,1887.47581634495,2003.4931395223,..,..
"Out-of-pocket expenditure per capita, PPP (current international $)",SH.XPD.OOPC.PP.CD,Syrian Arab Republic,SYR,..,93.7682525808395,..,..,..,..,..,..,..,..,..,..
"Out-of-pocket expenditure per capita, PPP (current international $)",SH.XPD.OOPC.PP.CD,Tajikistan,TJK,..,35,138,128,142,140,166,183,205,223,..,..
"Out-of-pocket expenditure per capita, PPP (current international $)",SH.XPD.OOPC.PP.CD,Tanzania,TZA,..,13.6590593496562,22.3404346493469,21.0589655787301,20.3665902983774,20.7839709788828,21.636449320402,22.1387928707825,23.6483967999491,24.5104350803163,..,..
"Out-of-pocket expenditure per capita, PPP (current international $)",SH.XPD.OOPC.PP.CD,Thailand,THA,..,77.1962143062514,71.7311917156603,70.9662959398376,69.1331509622286,77.5714407501772,70.7779504611793,61.6527188281913,81.764229999714,87.4966567892449,..,..
"Out-of-pocket expenditure per capita, PPP (current international $)",SH.XPD.OOPC.PP.CD,Timor-Leste,TLS,..,..,16.2117178179885,16.3117816102951,16.9960493777413,17.7010206106618,20.342024858801,20.4402792786433,24.926602230862,16.0381585179431,..,..
"Out-of-pocket expenditure per capita, PPP (current international $)",SH.XPD.OOPC.PP.CD,Togo,TGO,..,27.6522504568232,51.0987645679847,52.6627158026896,79.9111107217615,78.7408507750926,81.4736657003701,82.2079429927965,84.6748107948892,89.619367209612,..,..
"Out-of-pocket expenditure per capita, PPP (current international $)",SH.XPD.OOPC.PP.CD,Tonga,TON,..,14.476511477886,16.9455164932158,16.314712408684,15.3684317703949,16.1755242917596,17.471266263449,16.9544123599128,16.6050121393047,17.955114940188,..,..
"Out-of-pocket expenditure per capita, PPP (current international $)",SH.XPD.OOPC.PP.CD,Trinidad and Tobago,TTO,..,341.4331506269,621.397923882301,645.57414133149,728.900601158154,703.793459650667,766.662379486,845.243985525922,875.719617695435,816.624758886796,..,..
"Out-of-pocket expenditure per capita, PPP (current international $)",SH.XPD.OOPC.PP.CD,Tunisia,TUN,..,114.607713264181,261.606416021447,258.11131001092,264.145435966086,272.568243476485,281.487492960978,248.400600995134,249.414213853191,264.569696193498,..,..
"Out-of-pocket expenditure per capita, PPP (current international $)",SH.XPD.OOPC.PP.CD,Turkiye,TUR,..,125,183,177,184,200,201,206,210,226,..,..
"Out-of-pocket expenditure per capita, PPP (current international $)",SH.XPD.OOPC.PP.CD,Turkmenistan,TKM,..,86.2096970987402,488.321485111141,591.420078836389,674.63720069915,732.957382972117,766.193645116742,721.583191180552,699.149199894458,753.373507048779,..,..
"Out-of-pocket expenditure per capita, PPP (current international $)",SH.XPD.OOPC.PP.CD,Turks and Caicos Islands,TCA,..,..,..,..,..,..,..,..,..,..,..,..
"Out-of-pocket expenditure per capita, PPP (current international $)",SH.XPD.OOPC.PP.CD,Tuvalu,TUV,..,0.58691445529489,3.54679175017939,1.31241242702273,3.91007770620733,3.38462621748595,2.91974990830483,3.39031030765785,3.52111475520724,3.64957923180823,..,..
"Out-of-pocket expenditure per capita, PPP (current international $)",SH.XPD.OOPC.PP.CD,Uganda,UGA,..,20.6805257242564,49.6132909809348,45.6380794132574,44.8460852840811,34.0760767764035,33.8013690178103,36.0958971902981,35.0259131350268,37.1649742535146,..,..
"Out-of-pocket expenditure per capita, PPP (current international $)",SH.XPD.OOPC.PP.CD,Ukraine,UKR,..,110,354,364,388,413,458,460,450,501,..,..
"Out-of-pocket expenditure per capita, PPP (current international $)",SH.XPD.OOPC.PP.CD,United Arab Emirates,ARE,..,490.81872111541,496.290487389311,429.809613609129,428.959725083707,325.759616132152,381.211929189449,418.409929050716,466.065300791549,425.571941194386,..,..
"Out-of-pocket expenditure per capita, PPP (current international $)",SH.XPD.OOPC.PP.CD,United Kingdom,GBR,..,321.559588229887,593.37624107107,609.193678465455,625.229628709353,652.205881459843,713.733267275547,771.141556013854,711.195620882341,780.946558781181,871.356946289073,..
"Out-of-pocket expenditure per capita, PPP (current international $)",SH.XPD.OOPC.PP.CD,Uruguay,URY,..,260.10976132311,302.04540747266,309.007179222205,321.209169714933,336.305229414311,347.664307610326,351.9070425368,353.320977466748,361.910164762358,..,..
"Out-of-pocket expenditure per capita, PPP (current international $)",SH.XPD.OOPC.PP.CD,Uzbekistan,UZB,..,96,132,155,177,190,226,244,284,406,..,..
"Out-of-pocket expenditure per capita, PPP (current international $)",SH.XPD.OOPC.PP.CD,Vanuatu,VUT,..,7.35607200756032,9.04971232766316,9.17329425695855,9.27487809541694,9.0520701313983,8.86335582355644,8.56710944472524,10.496114232058,9.96034256869698,..,..
"Out-of-pocket expenditure per capita, PPP (current international $)",SH.XPD.OOPC.PP.CD,"Venezuela, RB",VEN,..,..,..,..,..,..,..,26.9316242012653,28.0167531567621,28.9038205672265,..,..
"Out-of-pocket expenditure per capita, PPP (current international $)",SH.XPD.OOPC.PP.CD,Viet Nam,VNM,..,36.2585414869134,139.351302188194,150.776200678358,166.715783877639,192.344995363865,221.101250111286,239.782379480621,202.491427538164,214.595856766009,..,..
"Out-of-pocket expenditure per capita, PPP (current international $)",SH.XPD.OOPC.PP.CD,Virgin Islands (U.S.),VIR,..,..,..,..,..,..,..,..,..,..,..,..
"Out-of-pocket expenditure per capita, PPP (current international $)",SH.XPD.OOPC.PP.CD,West Bank and Gaza,PSE,..,..,..,..,..,..,..,..,..,..,..,..
"Out-of-pocket expenditure per capita, PPP (current international $)",SH.XPD.OOPC.PP.CD,"Yemen, Rep.",YEM,..,56.0834185112177,125.732234178103,82.8121965338706,..,..,..,..,..,..,..,..
"Out-of-pocket expenditure per capita, PPP (current international $)",SH.XPD.OOPC.PP.CD,Zambia,ZMB,..,32.4459541557094,18.3281187382717,18.2002018562373,18.0264535068087,17.3004529400764,17.1937401008271,17.2141490925492,17.2089280258794,16.6729052721915,..,..
"Out-of-pocket expenditure per capita, PPP (current international $)",SH.XPD.OOPC.PP.CD,Zimbabwe,ZWE,..,..,51.7641633204923,50.2801782378913,47.0211717607873,15.1815844663684,9.77085281568473,6.54147729798181,6.26739968204761,6.47473479851383,..,..
"Out-of-pocket expenditure per capita, PPP (current international $)",SH.XPD.OOPC.PP.CD,Africa Eastern and Southern,AFE,..,27.4391567831756,41.4662128984727,44.1153399585945,46.1664850535049,42.360194638781,38.3630603075549,39.2509138159748,34.9107634362084,35.2675410610909,..,..
"Out-of-pocket expenditure per capita, PPP (current international $)",SH.XPD.OOPC.PP.CD,Africa Western and Central,AFW,..,47.5080878253776,92.4072993956858,94.4796798569253,96.0699946626169,99.9993168306734,88.613590202331,85.3418692988104,93.2425623316095,110.596722262477,..,..
"Out-of-pocket expenditure per capita, PPP (current international $)",SH.XPD.OOPC.PP.CD,Arab World,ARB,..,147.915335563655,242.799892839186,262.255667561498,275.520747314919,277.592853038545,272.52476135414,268.101077500649,257.227622331739,258.805955591188,..,..
"Out-of-pocket expenditure per capita, PPP (current international $)",SH.XPD.OOPC.PP.CD,Caribbean small states,CSS,..,142.279319568983,270.900244692673,266.208392066056,262.979775305587,282.724150309294,296.8855866406,309.990848983744,287.946836159312,325.889423178651,..,..
"Out-of-pocket expenditure per capita, PPP (current international $)",SH.XPD.OOPC.PP.CD,Central Europe and the Baltics,CEB,..,134.573945145775,362.994018298377,382.104159935543,413.317124896022,436.789804771791,437.169213918197,477.965404571922,490.940768981867,551.642002786016,..,..
"Out-of-pocket expenditure per capita, PPP (current international $)",SH.XPD.OOPC.PP.CD,Early-demographic dividend,EAR,..,82.2683202193923,153.423140246369,158.771764575078,162.759846599754,151.115316674168,154.82205426068,156.031526137717,153.235741761595,167.156015213641,..,..
"Out-of-pocket expenditure per capita, PPP (current international $)",SH.XPD.OOPC.PP.CD,East Asia & Pacific,EAS,..,95.459493131721,233.542022596758,240.678411174921,252.457785731059,265.742394398462,287.962384359073,310.11456398703,321.389799873096,340.58604870024,..,..
"Out-of-pocket expenditure per capita, PPP (current international $)",SH.XPD.OOPC.PP.CD,East Asia & Pacific (excluding high income),EAP,..,69.4317729452947,190.127653476569,194.618380565912,206.263267322612,219.886643816371,240.371157106828,263.352827760048,278.52000911406,294.355489674277,..,..
"Out-of-pocket expenditure per capita, PPP (current international $)",SH.XPD.OOPC.PP.CD,East Asia & Pacific (IDA & IBRD countries),TEA,..,69.4322618991723,190.127473857243,194.61835500306,206.263166308163,219.886455700647,240.370718414719,263.352042881699,278.519311428125,294.35467947876,..,..
"Out-of-pocket expenditure per capita, PPP (current international $)",SH.XPD.OOPC.PP.CD,Euro area,EMU,..,344.882932096166,650.287785583287,666.772362438629,698.210854231039,732.540254144626,762.68096024614,812.610024451752,782.738434004202,845.957494868831,..,..
"Out-of-pocket expenditure per capita, PPP (current international $)",SH.XPD.OOPC.PP.CD,Europe & Central Asia,ECS,..,229.466987977655,502.218271378593,517.107282198411,541.149659887368,569.720904883014,593.833386883524,629.017091615176,612.7165154393,674.825959492907,..,..
"Out-of-pocket expenditure per capita, PPP (current international $)",SH.XPD.OOPC.PP.CD,Europe & Central Asia (excluding high income),ECA,..,109.162734316939,263.826741076539,273.751622287591,288.420636519909,301.092307684119,314.781336531981,327.126617251492,334.487827609719,377.082798152979,..,..
"Out-of-pocket expenditure per capita, PPP (current international $)",SH.XPD.OOPC.PP.CD,Europe & Central Asia (IDA & IBRD countries),TEC,..,113.309969940071,344.57449651327,357.86268259312,377.14164500779,402.458277627204,416.587459514762,436.71621432326,435.304363557064,493.406672656225,..,..
"Out-of-pocket expenditure per capita, PPP (current international $)",SH.XPD.OOPC.PP.CD,European Union,EUU,..,301.155748212561,597.679531905168,615.027281236301,646.019475985558,678.003125743228,701.658537734409,748.639762258278,728.05142551161,790.914196175889,..,..
"Out-of-pocket expenditure per capita, PPP (current international $)",SH.XPD.OOPC.PP.CD,Fragile and conflict affected situations,FCS,..,46.4909813903606,104.807973303107,110.74413765202,113.4819843362,117.405283300108,110.221853680252,107.217263675216,109.523720082054,118.662405299131,..,..
"Out-of-pocket expenditure per capita, PPP (current international $)",SH.XPD.OOPC.PP.CD,Heavily indebted poor countries (HIPC),HPC,..,28.8637884314254,51.8947071558351,54.1422005113836,56.5903800760443,56.019486874019,54.3300324479558,56.5447725841885,53.6747281016237,57.0258040518488,..,..
"Out-of-pocket expenditure per capita, PPP (current international $)",SH.XPD.OOPC.PP.CD,High income,HIC,..,381.189476490372,704.388006742095,727.364228896735,754.761118162349,778.731656966406,810.060870872363,843.378094061001,818.228523512608,894.718235470397,..,..
"Out-of-pocket expenditure per capita, PPP (current international $)",SH.XPD.OOPC.PP.CD,IBRD only,IBD,..,98.2663105219942,212.98907341555,216.839266878503,224.689721606043,225.983242545497,237.655162591845,249.113587782344,251.326386456542,270.28980787602,..,..
"Out-of-pocket expenditure per capita, PPP (current international $)",SH.XPD.OOPC.PP.CD,IDA & IBRD total,IBT,..,84.6140754527245,178.493801252651,182.039976718823,188.953043800132,189.569797136129,197.566574197422,206.486305812903,208.202429321441,224.58236614854,..,..
"Out-of-pocket expenditure per capita, PPP (current international $)",SH.XPD.OOPC.PP.CD,IDA blend,IDB,..,47.2363512558655,92.5523577208764,97.2600978003528,100.862801439831,104.210327812304,99.1259635222393,98.6239306185446,106.525589421278,131.611378749079,..,..
"Out-of-pocket expenditure per capita, PPP (current international $)",SH.XPD.OOPC.PP.CD,IDA only,IDX,..,28.9223194794329,64.8846602931165,68.3480170519068,71.1343318152872,70.4472221589687,71.1628162302076,75.2287426138784,74.2506181341074,77.8887125835453,..,..
"Out-of-pocket expenditure per capita, PPP (current international $)",SH.XPD.OOPC.PP.CD,IDA total,IDA,..,35.0688252354082,74.5288322328552,78.4053857523118,81.6604649980993,82.2951977093914,80.9572550438973,83.4069302188783,85.5116734590244,96.6054371719203,..,..
"Out-of-pocket expenditure per capita, PPP (current international $)",SH.XPD.OOPC.PP.CD,Late-demographic dividend,LTE,..,104.011399785584,253.060623241488,254.972572279456,269.555271784686,287.731564664628,309.343469694905,333.893404471546,343.193695686181,368.030529839418,..,..
"Out-of-pocket expenditure per capita, PPP (current international $)",SH.XPD.OOPC.PP.CD,Latin America & Caribbean,LCN,..,216.301225735683,340.374924024563,334.082421017293,338.324469651057,346.757148559178,367.02539763775,356.202435384933,337.077173144551,368.888263445043,..,..
"Out-of-pocket expenditure per capita, PPP (current international $)",SH.XPD.OOPC.PP.CD,Latin America & Caribbean (excluding high income),LAC,..,213.741099313295,329.858678641358,321.204406964731,323.407599302164,330.281693648763,348.572315447426,352.17073973338,332.31244556842,363.962147632819,..,..
"Out-of-pocket expenditure per capita, PPP (current international $)",SH.XPD.OOPC.PP.CD,Latin America & the Caribbean (IDA & IBRD countries),TLA,..,219.213751252817,341.862946221921,334.527638416712,339.804299576274,348.208427774723,368.579041788784,357.488499246779,338.868926393676,370.761981846179,..,..
"Out-of-pocket expenditure per capita, PPP (current international $)",SH.XPD.OOPC.PP.CD,Least developed countries: UN classification,LDC,..,21.544821463586,57.0549434057276,61.6538795463181,64.4309635781111,63.9687145545966,64.1557062750934,67.7383057521885,66.7078758562452,68.9648298992585,..,..
"Out-of-pocket expenditure per capita, PPP (current international $)",SH.XPD.OOPC.PP.CD,Low & middle income,LMY,..,82.2033644827115,167.651899641274,170.713320470418,176.751560094105,175.955678346366,183.603343266534,192.656125666497,195.001455456482,209.421477211106,..,..
"Out-of-pocket expenditure per capita, PPP (current international $)",SH.XPD.OOPC.PP.CD,Low income,LIC,..,24.4217335379994,50.4334811007717,52.0441734466192,53.868800894592,51.8088142799917,48.5862243880859,50.8909850231301,47.3463520005845,49.7927793228954,..,..
"Out-of-pocket expenditure per capita, PPP (current international $)",SH.XPD.OOPC.PP.CD,Lower middle income,LMC,..,57.3088540518152,119.021582283862,123.913950938063,127.003729621762,115.141796477993,117.594048524544,122.671335393539,122.122795310211,135.649142920106,..,..
"Out-of-pocket expenditure per capita, PPP (current international $)",SH.XPD.OOPC.PP.CD,Middle East & North Africa,MEA,..,197.064769189014,295.487060272179,317.229093812423,337.443708684276,340.761530170253,331.178509437917,314.60156679353,300.051438404643,309.436370256017,..,..
"Out-of-pocket expenditure per capita, PPP (current international $)",SH.XPD.OOPC.PP.CD,Middle East & North Africa (excluding high income),MNA,..,177.438600310469,278.991294360696,302.456575364151,322.77567781857,328.214594930801,316.258805569172,304.800538053964,285.230241668285,296.536765387345,..,..
"Out-of-pocket expenditure per capita, PPP (current international $)",SH.XPD.OOPC.PP.CD,Middle East & North Africa (IDA & IBRD countries),TMN,..,177.438600310469,278.991294360696,302.456575364151,322.77567781857,328.214594930801,316.258805569172,304.800538053964,285.230241668285,296.536765387345,..,..
"Out-of-pocket expenditure per capita, PPP (current international $)",SH.XPD.OOPC.PP.CD,Middle income,MIC,..,86.5036117103937,178.702108696443,182.094948497253,188.032897519403,187.799566870141,196.719722875325,206.686676134851,209.897836387361,225.840720487516,..,..
"Out-of-pocket expenditure per capita, PPP (current international $)",SH.XPD.OOPC.PP.CD,North America,NAC,..,657.616443517435,1021.68406197188,1050.6722622419,1086.51361607594,1100.82576314522,1132.64313864435,1168.73044337516,1135.11044023319,1247.48312249253,1296.08403870407,..
"Out-of-pocket expenditure per capita, PPP (current international $)",SH.XPD.OOPC.PP.CD,Not classified,INX,..,..,..,..,..,..,..,..,..,..,..,..
"Out-of-pocket expenditure per capita, PPP (current international $)",SH.XPD.OOPC.PP.CD,OECD members,OED,..,388.879318246671,674.022634280915,695.087539131621,720.161213893151,739.419163791834,766.856786522521,797.009319693029,771.133151083982,840.705035548663,..,..
"Out-of-pocket expenditure per capita, PPP (current international $)",SH.XPD.OOPC.PP.CD,Other small states,OSS,..,196.08665953377,360.597602302473,371.153044129573,397.698279071589,430.710702417289,439.374522718047,441.298789769008,392.072331515588,385.794095890546,..,..
"Out-of-pocket expenditure per capita, PPP (current international $)",SH.XPD.OOPC.PP.CD,Pacific island small states,PSS,..,14.9331781926793,35.7389851279925,39.3323018201036,38.8879234919307,32.1632894365517,45.3332753430735,49.3702914220828,46.3926241998581,48.3925031333163,..,..
"Out-of-pocket expenditure per capita, PPP (current international $)",SH.XPD.OOPC.PP.CD,Post-demographic dividend,PST,..,421.034615328235,753.17358115747,778.173670256034,805.066774711788,827.396133252021,862.326742031108,899.335234661731,871.805592453818,950.218094064472,..,..
"Out-of-pocket expenditure per capita, PPP (current international $)",SH.XPD.OOPC.PP.CD,Pre-demographic dividend,PRE,..,34.7012341072601,77.5863840267655,81.8737222448057,82.7071323843698,84.9845735212917,76.2737350489287,76.2737496144979,80.2653068257761,87.9878342328047,..,..
"Out-of-pocket expenditure per capita, PPP (current international $)",SH.XPD.OOPC.PP.CD,Small states,SST,..,158.802538520796,303.19831198033,310.46951388643,328.775519815595,354.649282532957,364.679961573159,368.597775681763,329.778068678015,331.57977390867,..,..
"Out-of-pocket expenditure per capita, PPP (current international $)",SH.XPD.OOPC.PP.CD,South Asia,SAS,..,54.3169650573023,114.574666618685,116.024899572879,118.857626980261,98.2580640105029,100.934820071252,106.934257395715,108.185822749798,119.106956809929,..,..
"Out-of-pocket expenditure per capita, PPP (current international $)",SH.XPD.OOPC.PP.CD,South Asia (IDA & IBRD),TSA,..,54.3169650573022,114.574666618685,116.024899572879,118.857626980261,98.2580640105029,100.934820071252,106.934257395715,108.185822749798,119.106956809929,..,..
"Out-of-pocket expenditure per capita, PPP (current international $)",SH.XPD.OOPC.PP.CD,Sub-Saharan Africa,SSF,..,35.8722903917437,62.7656840181056,65.1669870912227,67.0212477350154,66.1983816064068,59.1233711721375,58.263864288825,58.9331016024867,66.2422186814477,..,..
"Out-of-pocket expenditure per capita, PPP (current international $)",SH.XPD.OOPC.PP.CD,Sub-Saharan Africa (excluding high income),SSA,..,35.8619655787597,62.7418961966476,65.1469892922478,66.9981925932093,66.1764277465237,59.0988736346573,58.239631967206,58.9082213853102,66.2191827762277,..,..
"Out-of-pocket expenditure per capita, PPP (current international $)",SH.XPD.OOPC.PP.CD,Sub-Saharan Africa (IDA & IBRD countries),TSS,..,35.8722903917437,62.7656840181056,65.1669870912227,67.0212477350154,66.1983816064067,59.1233711721375,58.263864288825,58.9331016024867,66.2422186814477,..,..
"Out-of-pocket expenditure per capita, PPP (current international $)",SH.XPD.OOPC.PP.CD,Upper middle income,UMC,..,112.78930745851,239.578503273526,241.854321799212,251.152850624443,263.442265842382,279.647435934115,295.362589363805,303.293017501198,322.638861800246,..,..
"Out-of-pocket expenditure per capita, PPP (current international $)",SH.XPD.OOPC.PP.CD,World,WLD,..,142.831511380785,265.681710117651,271.794777504837,281.563603184455,284.344650952934,295.405142032966,306.877052586318,303.781549041943,327.888728094329,..,..
,,,,,,,,,,,,,,,
,,,,,,,,,,,,,,,
,,,,,,,,,,,,,,,
Data from database: World Development Indicators,,,,,,,,,,,,,,,
Last Updated: 12/16/2024,,,,,,,,,,,,,,,
